{
  "ABIRoot": {
    "kind": "Root",
    "name": "TopLevel",
    "printedName": "TopLevel",
    "children": [
      {
        "kind": "Import",
        "name": "Foundation",
        "printedName": "Foundation",
        "declKind": "Import",
        "moduleName": "Networking",
        "declAttributes": [
          "RawDocComment"
        ]
      },
      {
        "kind": "TypeDecl",
        "name": "APIErrorResponse",
        "printedName": "APIErrorResponse",
        "children": [
          {
            "kind": "Var",
            "name": "url",
            "printedName": "url",
            "children": [
              {
                "kind": "TypeNominal",
                "name": "String",
                "printedName": "Swift.String",
                "usr": "s:SS"
              }
            ],
            "declKind": "Var",
            "usr": "s:10Networking16APIErrorResponseV3urlSSvp",
            "mangledName": "$s10Networking16APIErrorResponseV3urlSSvp",
            "moduleName": "Networking",
            "declAttributes": [
              "HasStorage",
              "AccessControl"
            ],
            "isLet": true,
            "hasStorage": true,
            "accessors": [
              {
                "kind": "Accessor",
                "name": "Get",
                "printedName": "Get()",
                "children": [
                  {
                    "kind": "TypeNominal",
                    "name": "String",
                    "printedName": "Swift.String",
                    "usr": "s:SS"
                  }
                ],
                "declKind": "Accessor",
                "usr": "s:10Networking16APIErrorResponseV3urlSSvg",
                "mangledName": "$s10Networking16APIErrorResponseV3urlSSvg",
                "moduleName": "Networking",
                "implicit": true,
                "accessorKind": "get"
              }
            ]
          },
          {
            "kind": "Var",
            "name": "statusCode",
            "printedName": "statusCode",
            "children": [
              {
                "kind": "TypeNominal",
                "name": "Int",
                "printedName": "Swift.Int",
                "usr": "s:Si"
              }
            ],
            "declKind": "Var",
            "usr": "s:10Networking16APIErrorResponseV10statusCodeSivp",
            "mangledName": "$s10Networking16APIErrorResponseV10statusCodeSivp",
            "moduleName": "Networking",
            "declAttributes": [
              "HasStorage",
              "AccessControl"
            ],
            "isLet": true,
            "hasStorage": true,
            "accessors": [
              {
                "kind": "Accessor",
                "name": "Get",
                "printedName": "Get()",
                "children": [
                  {
                    "kind": "TypeNominal",
                    "name": "Int",
                    "printedName": "Swift.Int",
                    "usr": "s:Si"
                  }
                ],
                "declKind": "Accessor",
                "usr": "s:10Networking16APIErrorResponseV10statusCodeSivg",
                "mangledName": "$s10Networking16APIErrorResponseV10statusCodeSivg",
                "moduleName": "Networking",
                "implicit": true,
                "accessorKind": "get"
              }
            ]
          },
          {
            "kind": "Var",
            "name": "data",
            "printedName": "data",
            "children": [
              {
                "kind": "TypeNominal",
                "name": "Optional",
                "printedName": "Foundation.Data?",
                "children": [
                  {
                    "kind": "TypeNominal",
                    "name": "Data",
                    "printedName": "Foundation.Data",
                    "usr": "s:10Foundation4DataV"
                  }
                ],
                "usr": "s:Sq"
              }
            ],
            "declKind": "Var",
            "usr": "s:10Networking16APIErrorResponseV4data10Foundation4DataVSgvp",
            "mangledName": "$s10Networking16APIErrorResponseV4data10Foundation4DataVSgvp",
            "moduleName": "Networking",
            "declAttributes": [
              "HasStorage",
              "AccessControl"
            ],
            "isLet": true,
            "hasStorage": true,
            "accessors": [
              {
                "kind": "Accessor",
                "name": "Get",
                "printedName": "Get()",
                "children": [
                  {
                    "kind": "TypeNominal",
                    "name": "Optional",
                    "printedName": "Foundation.Data?",
                    "children": [
                      {
                        "kind": "TypeNominal",
                        "name": "Data",
                        "printedName": "Foundation.Data",
                        "usr": "s:10Foundation4DataV"
                      }
                    ],
                    "usr": "s:Sq"
                  }
                ],
                "declKind": "Accessor",
                "usr": "s:10Networking16APIErrorResponseV4data10Foundation4DataVSgvg",
                "mangledName": "$s10Networking16APIErrorResponseV4data10Foundation4DataVSgvg",
                "moduleName": "Networking",
                "implicit": true,
                "accessorKind": "get"
              }
            ]
          },
          {
            "kind": "Var",
            "name": "message",
            "printedName": "message",
            "children": [
              {
                "kind": "TypeNominal",
                "name": "String",
                "printedName": "Swift.String",
                "usr": "s:SS"
              }
            ],
            "declKind": "Var",
            "usr": "s:10Networking16APIErrorResponseV7messageSSvp",
            "mangledName": "$s10Networking16APIErrorResponseV7messageSSvp",
            "moduleName": "Networking",
            "declAttributes": [
              "HasStorage",
              "AccessControl"
            ],
            "isLet": true,
            "hasStorage": true,
            "accessors": [
              {
                "kind": "Accessor",
                "name": "Get",
                "printedName": "Get()",
                "children": [
                  {
                    "kind": "TypeNominal",
                    "name": "String",
                    "printedName": "Swift.String",
                    "usr": "s:SS"
                  }
                ],
                "declKind": "Accessor",
                "usr": "s:10Networking16APIErrorResponseV7messageSSvg",
                "mangledName": "$s10Networking16APIErrorResponseV7messageSSvg",
                "moduleName": "Networking",
                "implicit": true,
                "accessorKind": "get"
              }
            ]
          },
          {
            "kind": "Constructor",
            "name": "init",
            "printedName": "init(_:_:_:data:)",
            "children": [
              {
                "kind": "TypeNominal",
                "name": "APIErrorResponse",
                "printedName": "Networking.APIErrorResponse",
                "usr": "s:10Networking16APIErrorResponseV"
              },
              {
                "kind": "TypeNominal",
                "name": "Int",
                "printedName": "Swift.Int",
                "usr": "s:Si"
              },
              {
                "kind": "TypeNominal",
                "name": "String",
                "printedName": "Swift.String",
                "usr": "s:SS"
              },
              {
                "kind": "TypeNominal",
                "name": "String",
                "printedName": "Swift.String",
                "usr": "s:SS"
              },
              {
                "kind": "TypeNominal",
                "name": "Optional",
                "printedName": "Foundation.Data?",
                "children": [
                  {
                    "kind": "TypeNominal",
                    "name": "Data",
                    "printedName": "Foundation.Data",
                    "usr": "s:10Foundation4DataV"
                  }
                ],
                "hasDefaultArg": true,
                "usr": "s:Sq"
              }
            ],
            "declKind": "Constructor",
            "usr": "s:10Networking16APIErrorResponseV___4dataACSi_S2S10Foundation4DataVSgtcfc",
            "mangledName": "$s10Networking16APIErrorResponseV___4dataACSi_S2S10Foundation4DataVSgtcfc",
            "moduleName": "Networking",
            "declAttributes": [
              "AccessControl"
            ],
            "init_kind": "Designated"
          },
          {
            "kind": "Function",
            "name": "==",
            "printedName": "==(_:_:)",
            "children": [
              {
                "kind": "TypeNominal",
                "name": "Bool",
                "printedName": "Swift.Bool",
                "usr": "s:Sb"
              },
              {
                "kind": "TypeNominal",
                "name": "APIErrorResponse",
                "printedName": "Networking.APIErrorResponse",
                "usr": "s:10Networking16APIErrorResponseV"
              },
              {
                "kind": "TypeNominal",
                "name": "APIErrorResponse",
                "printedName": "Networking.APIErrorResponse",
                "usr": "s:10Networking16APIErrorResponseV"
              }
            ],
            "declKind": "Func",
            "usr": "s:10Networking16APIErrorResponseV2eeoiySbAC_ACtFZ",
            "mangledName": "$s10Networking16APIErrorResponseV2eeoiySbAC_ACtFZ",
            "moduleName": "Networking",
            "static": true,
            "declAttributes": [
              "AccessControl"
            ],
            "funcSelfKind": "NonMutating"
          },
          {
            "kind": "Function",
            "name": "network",
            "printedName": "network(_:)",
            "children": [
              {
                "kind": "TypeNominal",
                "name": "APIErrorResponse",
                "printedName": "Networking.APIErrorResponse",
                "usr": "s:10Networking16APIErrorResponseV"
              },
              {
                "kind": "TypeNominal",
                "name": "String",
                "printedName": "Swift.String",
                "usr": "s:SS"
              }
            ],
            "declKind": "Func",
            "usr": "s:10Networking16APIErrorResponseV7networkyACSSFZ",
            "mangledName": "$s10Networking16APIErrorResponseV7networkyACSSFZ",
            "moduleName": "Networking",
            "static": true,
            "isFromExtension": true,
            "funcSelfKind": "NonMutating"
          },
          {
            "kind": "Function",
            "name": "parseData",
            "printedName": "parseData(_:)",
            "children": [
              {
                "kind": "TypeNominal",
                "name": "APIErrorResponse",
                "printedName": "Networking.APIErrorResponse",
                "usr": "s:10Networking16APIErrorResponseV"
              },
              {
                "kind": "TypeNominal",
                "name": "String",
                "printedName": "Swift.String",
                "usr": "s:SS"
              }
            ],
            "declKind": "Func",
            "usr": "s:10Networking16APIErrorResponseV9parseDatayACSSFZ",
            "mangledName": "$s10Networking16APIErrorResponseV9parseDatayACSSFZ",
            "moduleName": "Networking",
            "static": true,
            "isFromExtension": true,
            "funcSelfKind": "NonMutating"
          },
          {
            "kind": "Function",
            "name": "unknown",
            "printedName": "unknown(_:)",
            "children": [
              {
                "kind": "TypeNominal",
                "name": "APIErrorResponse",
                "printedName": "Networking.APIErrorResponse",
                "usr": "s:10Networking16APIErrorResponseV"
              },
              {
                "kind": "TypeNominal",
                "name": "String",
                "printedName": "Swift.String",
                "usr": "s:SS"
              }
            ],
            "declKind": "Func",
            "usr": "s:10Networking16APIErrorResponseV7unknownyACSSFZ",
            "mangledName": "$s10Networking16APIErrorResponseV7unknownyACSSFZ",
            "moduleName": "Networking",
            "static": true,
            "isFromExtension": true,
            "funcSelfKind": "NonMutating"
          },
          {
            "kind": "Function",
            "name": "empty",
            "printedName": "empty(_:)",
            "children": [
              {
                "kind": "TypeNominal",
                "name": "APIErrorResponse",
                "printedName": "Networking.APIErrorResponse",
                "usr": "s:10Networking16APIErrorResponseV"
              },
              {
                "kind": "TypeNominal",
                "name": "String",
                "printedName": "Swift.String",
                "usr": "s:SS"
              }
            ],
            "declKind": "Func",
            "usr": "s:10Networking16APIErrorResponseV5emptyyACSSFZ",
            "mangledName": "$s10Networking16APIErrorResponseV5emptyyACSSFZ",
            "moduleName": "Networking",
            "static": true,
            "isFromExtension": true,
            "funcSelfKind": "NonMutating"
          }
        ],
        "declKind": "Struct",
        "usr": "s:10Networking16APIErrorResponseV",
        "mangledName": "$s10Networking16APIErrorResponseV",
        "moduleName": "Networking",
        "declAttributes": [
          "AccessControl"
        ],
        "conformances": [
          {
            "kind": "Conformance",
            "name": "Error",
            "printedName": "Error",
            "usr": "s:s5ErrorP",
            "mangledName": "$ss5ErrorP"
          },
          {
            "kind": "Conformance",
            "name": "Equatable",
            "printedName": "Equatable",
            "usr": "s:SQ",
            "mangledName": "$sSQ"
          },
          {
            "kind": "Conformance",
            "name": "Sendable",
            "printedName": "Sendable",
            "usr": "s:s8SendableP",
            "mangledName": "$ss8SendableP"
          }
        ]
      },
      {
        "kind": "Import",
        "name": "Combine",
        "printedName": "Combine",
        "declKind": "Import",
        "moduleName": "Networking",
        "declAttributes": [
          "RawDocComment"
        ]
      },
      {
        "kind": "Import",
        "name": "Foundation",
        "printedName": "Foundation",
        "declKind": "Import",
        "moduleName": "Networking"
      },
      {
        "kind": "TypeDecl",
        "name": "Methods",
        "printedName": "Methods",
        "children": [
          {
            "kind": "Var",
            "name": "GET",
            "printedName": "GET",
            "children": [
              {
                "kind": "TypeFunc",
                "name": "Function",
                "printedName": "(Networking.Methods.Type) -> Networking.Methods",
                "children": [
                  {
                    "kind": "TypeNominal",
                    "name": "Methods",
                    "printedName": "Networking.Methods",
                    "usr": "s:10Networking7MethodsO"
                  },
                  {
                    "kind": "TypeNominal",
                    "name": "Metatype",
                    "printedName": "Networking.Methods.Type",
                    "children": [
                      {
                        "kind": "TypeNominal",
                        "name": "Methods",
                        "printedName": "Networking.Methods",
                        "usr": "s:10Networking7MethodsO"
                      }
                    ]
                  }
                ]
              }
            ],
            "declKind": "EnumElement",
            "usr": "s:10Networking7MethodsO3GETyA2CmF",
            "mangledName": "$s10Networking7MethodsO3GETyA2CmF",
            "moduleName": "Networking"
          },
          {
            "kind": "Var",
            "name": "POST",
            "printedName": "POST",
            "children": [
              {
                "kind": "TypeFunc",
                "name": "Function",
                "printedName": "(Networking.Methods.Type) -> Networking.Methods",
                "children": [
                  {
                    "kind": "TypeNominal",
                    "name": "Methods",
                    "printedName": "Networking.Methods",
                    "usr": "s:10Networking7MethodsO"
                  },
                  {
                    "kind": "TypeNominal",
                    "name": "Metatype",
                    "printedName": "Networking.Methods.Type",
                    "children": [
                      {
                        "kind": "TypeNominal",
                        "name": "Methods",
                        "printedName": "Networking.Methods",
                        "usr": "s:10Networking7MethodsO"
                      }
                    ]
                  }
                ]
              }
            ],
            "declKind": "EnumElement",
            "usr": "s:10Networking7MethodsO4POSTyA2CmF",
            "mangledName": "$s10Networking7MethodsO4POSTyA2CmF",
            "moduleName": "Networking"
          },
          {
            "kind": "Var",
            "name": "UPDATE",
            "printedName": "UPDATE",
            "children": [
              {
                "kind": "TypeFunc",
                "name": "Function",
                "printedName": "(Networking.Methods.Type) -> Networking.Methods",
                "children": [
                  {
                    "kind": "TypeNominal",
                    "name": "Methods",
                    "printedName": "Networking.Methods",
                    "usr": "s:10Networking7MethodsO"
                  },
                  {
                    "kind": "TypeNominal",
                    "name": "Metatype",
                    "printedName": "Networking.Methods.Type",
                    "children": [
                      {
                        "kind": "TypeNominal",
                        "name": "Methods",
                        "printedName": "Networking.Methods",
                        "usr": "s:10Networking7MethodsO"
                      }
                    ]
                  }
                ]
              }
            ],
            "declKind": "EnumElement",
            "usr": "s:10Networking7MethodsO6UPDATEyA2CmF",
            "mangledName": "$s10Networking7MethodsO6UPDATEyA2CmF",
            "moduleName": "Networking"
          },
          {
            "kind": "Var",
            "name": "DELETE",
            "printedName": "DELETE",
            "children": [
              {
                "kind": "TypeFunc",
                "name": "Function",
                "printedName": "(Networking.Methods.Type) -> Networking.Methods",
                "children": [
                  {
                    "kind": "TypeNominal",
                    "name": "Methods",
                    "printedName": "Networking.Methods",
                    "usr": "s:10Networking7MethodsO"
                  },
                  {
                    "kind": "TypeNominal",
                    "name": "Metatype",
                    "printedName": "Networking.Methods.Type",
                    "children": [
                      {
                        "kind": "TypeNominal",
                        "name": "Methods",
                        "printedName": "Networking.Methods",
                        "usr": "s:10Networking7MethodsO"
                      }
                    ]
                  }
                ]
              }
            ],
            "declKind": "EnumElement",
            "usr": "s:10Networking7MethodsO6DELETEyA2CmF",
            "mangledName": "$s10Networking7MethodsO6DELETEyA2CmF",
            "moduleName": "Networking"
          },
          {
            "kind": "Var",
            "name": "PATCH",
            "printedName": "PATCH",
            "children": [
              {
                "kind": "TypeFunc",
                "name": "Function",
                "printedName": "(Networking.Methods.Type) -> Networking.Methods",
                "children": [
                  {
                    "kind": "TypeNominal",
                    "name": "Methods",
                    "printedName": "Networking.Methods",
                    "usr": "s:10Networking7MethodsO"
                  },
                  {
                    "kind": "TypeNominal",
                    "name": "Metatype",
                    "printedName": "Networking.Methods.Type",
                    "children": [
                      {
                        "kind": "TypeNominal",
                        "name": "Methods",
                        "printedName": "Networking.Methods",
                        "usr": "s:10Networking7MethodsO"
                      }
                    ]
                  }
                ]
              }
            ],
            "declKind": "EnumElement",
            "usr": "s:10Networking7MethodsO5PATCHyA2CmF",
            "mangledName": "$s10Networking7MethodsO5PATCHyA2CmF",
            "moduleName": "Networking"
          },
          {
            "kind": "Constructor",
            "name": "init",
            "printedName": "init(rawValue:)",
            "children": [
              {
                "kind": "TypeNominal",
                "name": "Optional",
                "printedName": "Networking.Methods?",
                "children": [
                  {
                    "kind": "TypeNominal",
                    "name": "Methods",
                    "printedName": "Networking.Methods",
                    "usr": "s:10Networking7MethodsO"
                  }
                ],
                "usr": "s:Sq"
              },
              {
                "kind": "TypeNominal",
                "name": "String",
                "printedName": "Swift.String",
                "usr": "s:SS"
              }
            ],
            "declKind": "Constructor",
            "usr": "s:10Networking7MethodsO8rawValueACSgSS_tcfc",
            "mangledName": "$s10Networking7MethodsO8rawValueACSgSS_tcfc",
            "moduleName": "Networking",
            "implicit": true,
            "init_kind": "Designated"
          },
          {
            "kind": "Var",
            "name": "rawValue",
            "printedName": "rawValue",
            "children": [
              {
                "kind": "TypeNominal",
                "name": "String",
                "printedName": "Swift.String",
                "usr": "s:SS"
              }
            ],
            "declKind": "Var",
            "usr": "s:10Networking7MethodsO8rawValueSSvp",
            "mangledName": "$s10Networking7MethodsO8rawValueSSvp",
            "moduleName": "Networking",
            "implicit": true,
            "accessors": [
              {
                "kind": "Accessor",
                "name": "Get",
                "printedName": "Get()",
                "children": [
                  {
                    "kind": "TypeNominal",
                    "name": "String",
                    "printedName": "Swift.String",
                    "usr": "s:SS"
                  }
                ],
                "declKind": "Accessor",
                "usr": "s:10Networking7MethodsO8rawValueSSvg",
                "mangledName": "$s10Networking7MethodsO8rawValueSSvg",
                "moduleName": "Networking",
                "implicit": true,
                "accessorKind": "get"
              }
            ]
          }
        ],
        "declKind": "Enum",
        "usr": "s:10Networking7MethodsO",
        "mangledName": "$s10Networking7MethodsO",
        "moduleName": "Networking",
        "declAttributes": [
          "AccessControl"
        ],
        "enumRawTypeName": "String",
        "conformances": [
          {
            "kind": "Conformance",
            "name": "Equatable",
            "printedName": "Equatable",
            "usr": "s:SQ",
            "mangledName": "$sSQ"
          },
          {
            "kind": "Conformance",
            "name": "Hashable",
            "printedName": "Hashable",
            "usr": "s:SH",
            "mangledName": "$sSH"
          },
          {
            "kind": "Conformance",
            "name": "RawRepresentable",
            "printedName": "RawRepresentable",
            "children": [
              {
                "kind": "TypeWitness",
                "name": "RawValue",
                "printedName": "RawValue",
                "children": [
                  {
                    "kind": "TypeNominal",
                    "name": "String",
                    "printedName": "Swift.String",
                    "usr": "s:SS"
                  }
                ]
              }
            ],
            "usr": "s:SY",
            "mangledName": "$sSY"
          },
          {
            "kind": "Conformance",
            "name": "Decodable",
            "printedName": "Decodable",
            "usr": "s:Se",
            "mangledName": "$sSe"
          },
          {
            "kind": "Conformance",
            "name": "Encodable",
            "printedName": "Encodable",
            "usr": "s:SE",
            "mangledName": "$sSE"
          }
        ]
      },
      {
        "kind": "TypeDecl",
        "name": "APIRequest",
        "printedName": "APIRequest",
        "children": [
          {
            "kind": "AssociatedType",
            "name": "Response",
            "printedName": "Response",
            "declKind": "AssociatedType",
            "usr": "s:10Networking10APIRequestP8ResponseQa",
            "mangledName": "$s10Networking10APIRequestP8ResponseQa",
            "moduleName": "Networking",
            "protocolReq": true
          },
          {
            "kind": "Var",
            "name": "method",
            "printedName": "method",
            "children": [
              {
                "kind": "TypeNominal",
                "name": "Methods",
                "printedName": "Networking.Methods",
                "usr": "s:10Networking7MethodsO"
              }
            ],
            "declKind": "Var",
            "usr": "s:10Networking10APIRequestP6methodAA7MethodsOvp",
            "mangledName": "$s10Networking10APIRequestP6methodAA7MethodsOvp",
            "moduleName": "Networking",
            "protocolReq": true,
            "accessors": [
              {
                "kind": "Accessor",
                "name": "Get",
                "printedName": "Get()",
                "children": [
                  {
                    "kind": "TypeNominal",
                    "name": "Methods",
                    "printedName": "Networking.Methods",
                    "usr": "s:10Networking7MethodsO"
                  }
                ],
                "declKind": "Accessor",
                "usr": "s:10Networking10APIRequestP6methodAA7MethodsOvg",
                "mangledName": "$s10Networking10APIRequestP6methodAA7MethodsOvg",
                "moduleName": "Networking",
                "genericSig": "<τ_0_0 where τ_0_0 : Networking.APIRequest>",
                "sugared_genericSig": "<Self where Self : Networking.APIRequest>",
                "protocolReq": true,
                "reqNewWitnessTableEntry": true,
                "accessorKind": "get"
              }
            ]
          },
          {
            "kind": "Var",
            "name": "body",
            "printedName": "body",
            "children": [
              {
                "kind": "TypeNominal",
                "name": "ProtocolComposition",
                "printedName": "Any"
              }
            ],
            "declKind": "Var",
            "usr": "s:10Networking10APIRequestP4bodyypvp",
            "mangledName": "$s10Networking10APIRequestP4bodyypvp",
            "moduleName": "Networking",
            "protocolReq": true,
            "accessors": [
              {
                "kind": "Accessor",
                "name": "Get",
                "printedName": "Get()",
                "children": [
                  {
                    "kind": "TypeNominal",
                    "name": "ProtocolComposition",
                    "printedName": "Any"
                  }
                ],
                "declKind": "Accessor",
                "usr": "s:10Networking10APIRequestP4bodyypvg",
                "mangledName": "$s10Networking10APIRequestP4bodyypvg",
                "moduleName": "Networking",
                "genericSig": "<τ_0_0 where τ_0_0 : Networking.APIRequest>",
                "sugared_genericSig": "<Self where Self : Networking.APIRequest>",
                "protocolReq": true,
                "reqNewWitnessTableEntry": true,
                "accessorKind": "get"
              }
            ]
          },
          {
            "kind": "Var",
            "name": "baseUrl",
            "printedName": "baseUrl",
            "children": [
              {
                "kind": "TypeNominal",
                "name": "String",
                "printedName": "Swift.String",
                "usr": "s:SS"
              }
            ],
            "declKind": "Var",
            "usr": "s:10Networking10APIRequestP7baseUrlSSvp",
            "mangledName": "$s10Networking10APIRequestP7baseUrlSSvp",
            "moduleName": "Networking",
            "protocolReq": true,
            "accessors": [
              {
                "kind": "Accessor",
                "name": "Get",
                "printedName": "Get()",
                "children": [
                  {
                    "kind": "TypeNominal",
                    "name": "String",
                    "printedName": "Swift.String",
                    "usr": "s:SS"
                  }
                ],
                "declKind": "Accessor",
                "usr": "s:10Networking10APIRequestP7baseUrlSSvg",
                "mangledName": "$s10Networking10APIRequestP7baseUrlSSvg",
                "moduleName": "Networking",
                "genericSig": "<τ_0_0 where τ_0_0 : Networking.APIRequest>",
                "sugared_genericSig": "<Self where Self : Networking.APIRequest>",
                "protocolReq": true,
                "reqNewWitnessTableEntry": true,
                "accessorKind": "get"
              }
            ]
          },
          {
            "kind": "Var",
            "name": "path",
            "printedName": "path",
            "children": [
              {
                "kind": "TypeNominal",
                "name": "String",
                "printedName": "Swift.String",
                "usr": "s:SS"
              }
            ],
            "declKind": "Var",
            "usr": "s:10Networking10APIRequestP4pathSSvp",
            "mangledName": "$s10Networking10APIRequestP4pathSSvp",
            "moduleName": "Networking",
            "protocolReq": true,
            "accessors": [
              {
                "kind": "Accessor",
                "name": "Get",
                "printedName": "Get()",
                "children": [
                  {
                    "kind": "TypeNominal",
                    "name": "String",
                    "printedName": "Swift.String",
                    "usr": "s:SS"
                  }
                ],
                "declKind": "Accessor",
                "usr": "s:10Networking10APIRequestP4pathSSvg",
                "mangledName": "$s10Networking10APIRequestP4pathSSvg",
                "moduleName": "Networking",
                "genericSig": "<τ_0_0 where τ_0_0 : Networking.APIRequest>",
                "sugared_genericSig": "<Self where Self : Networking.APIRequest>",
                "protocolReq": true,
                "reqNewWitnessTableEntry": true,
                "accessorKind": "get"
              }
            ]
          },
          {
            "kind": "Var",
            "name": "headers",
            "printedName": "headers",
            "children": [
              {
                "kind": "TypeNominal",
                "name": "Dictionary",
                "printedName": "[Swift.String : Swift.String]",
                "children": [
                  {
                    "kind": "TypeNominal",
                    "name": "String",
                    "printedName": "Swift.String",
                    "usr": "s:SS"
                  },
                  {
                    "kind": "TypeNominal",
                    "name": "String",
                    "printedName": "Swift.String",
                    "usr": "s:SS"
                  }
                ],
                "usr": "s:SD"
              }
            ],
            "declKind": "Var",
            "usr": "s:10Networking10APIRequestP7headersSDyS2SGvp",
            "mangledName": "$s10Networking10APIRequestP7headersSDyS2SGvp",
            "moduleName": "Networking",
            "protocolReq": true,
            "accessors": [
              {
                "kind": "Accessor",
                "name": "Get",
                "printedName": "Get()",
                "children": [
                  {
                    "kind": "TypeNominal",
                    "name": "Dictionary",
                    "printedName": "[Swift.String : Swift.String]",
                    "children": [
                      {
                        "kind": "TypeNominal",
                        "name": "String",
                        "printedName": "Swift.String",
                        "usr": "s:SS"
                      },
                      {
                        "kind": "TypeNominal",
                        "name": "String",
                        "printedName": "Swift.String",
                        "usr": "s:SS"
                      }
                    ],
                    "usr": "s:SD"
                  }
                ],
                "declKind": "Accessor",
                "usr": "s:10Networking10APIRequestP7headersSDyS2SGvg",
                "mangledName": "$s10Networking10APIRequestP7headersSDyS2SGvg",
                "moduleName": "Networking",
                "genericSig": "<τ_0_0 where τ_0_0 : Networking.APIRequest>",
                "sugared_genericSig": "<Self where Self : Networking.APIRequest>",
                "protocolReq": true,
                "reqNewWitnessTableEntry": true,
                "accessorKind": "get"
              }
            ]
          },
          {
            "kind": "Var",
            "name": "parameters",
            "printedName": "parameters",
            "children": [
              {
                "kind": "TypeNominal",
                "name": "Dictionary",
                "printedName": "[Swift.String : Swift.String]",
                "children": [
                  {
                    "kind": "TypeNominal",
                    "name": "String",
                    "printedName": "Swift.String",
                    "usr": "s:SS"
                  },
                  {
                    "kind": "TypeNominal",
                    "name": "String",
                    "printedName": "Swift.String",
                    "usr": "s:SS"
                  }
                ],
                "usr": "s:SD"
              }
            ],
            "declKind": "Var",
            "usr": "s:10Networking10APIRequestP10parametersSDyS2SGvp",
            "mangledName": "$s10Networking10APIRequestP10parametersSDyS2SGvp",
            "moduleName": "Networking",
            "protocolReq": true,
            "accessors": [
              {
                "kind": "Accessor",
                "name": "Get",
                "printedName": "Get()",
                "children": [
                  {
                    "kind": "TypeNominal",
                    "name": "Dictionary",
                    "printedName": "[Swift.String : Swift.String]",
                    "children": [
                      {
                        "kind": "TypeNominal",
                        "name": "String",
                        "printedName": "Swift.String",
                        "usr": "s:SS"
                      },
                      {
                        "kind": "TypeNominal",
                        "name": "String",
                        "printedName": "Swift.String",
                        "usr": "s:SS"
                      }
                    ],
                    "usr": "s:SD"
                  }
                ],
                "declKind": "Accessor",
                "usr": "s:10Networking10APIRequestP10parametersSDyS2SGvg",
                "mangledName": "$s10Networking10APIRequestP10parametersSDyS2SGvg",
                "moduleName": "Networking",
                "genericSig": "<τ_0_0 where τ_0_0 : Networking.APIRequest>",
                "sugared_genericSig": "<Self where Self : Networking.APIRequest>",
                "protocolReq": true,
                "reqNewWitnessTableEntry": true,
                "accessorKind": "get"
              }
            ]
          },
          {
            "kind": "Var",
            "name": "baseUrl",
            "printedName": "baseUrl",
            "children": [
              {
                "kind": "TypeNominal",
                "name": "String",
                "printedName": "Swift.String",
                "usr": "s:SS"
              }
            ],
            "declKind": "Var",
            "usr": "s:10Networking10APIRequestPAAE7baseUrlSSvp",
            "mangledName": "$s10Networking10APIRequestPAAE7baseUrlSSvp",
            "moduleName": "Networking",
            "isFromExtension": true,
            "accessors": [
              {
                "kind": "Accessor",
                "name": "Get",
                "printedName": "Get()",
                "children": [
                  {
                    "kind": "TypeNominal",
                    "name": "String",
                    "printedName": "Swift.String",
                    "usr": "s:SS"
                  }
                ],
                "declKind": "Accessor",
                "usr": "s:10Networking10APIRequestPAAE7baseUrlSSvg",
                "mangledName": "$s10Networking10APIRequestPAAE7baseUrlSSvg",
                "moduleName": "Networking",
                "genericSig": "<τ_0_0 where τ_0_0 : Networking.APIRequest>",
                "sugared_genericSig": "<Self where Self : Networking.APIRequest>",
                "isFromExtension": true,
                "accessorKind": "get"
              }
            ]
          },
          {
            "kind": "Var",
            "name": "parameters",
            "printedName": "parameters",
            "children": [
              {
                "kind": "TypeNominal",
                "name": "Dictionary",
                "printedName": "[Swift.String : Swift.String]",
                "children": [
                  {
                    "kind": "TypeNominal",
                    "name": "String",
                    "printedName": "Swift.String",
                    "usr": "s:SS"
                  },
                  {
                    "kind": "TypeNominal",
                    "name": "String",
                    "printedName": "Swift.String",
                    "usr": "s:SS"
                  }
                ],
                "usr": "s:SD"
              }
            ],
            "declKind": "Var",
            "usr": "s:10Networking10APIRequestPAAE10parametersSDyS2SGvp",
            "mangledName": "$s10Networking10APIRequestPAAE10parametersSDyS2SGvp",
            "moduleName": "Networking",
            "isFromExtension": true,
            "accessors": [
              {
                "kind": "Accessor",
                "name": "Get",
                "printedName": "Get()",
                "children": [
                  {
                    "kind": "TypeNominal",
                    "name": "Dictionary",
                    "printedName": "[Swift.String : Swift.String]",
                    "children": [
                      {
                        "kind": "TypeNominal",
                        "name": "String",
                        "printedName": "Swift.String",
                        "usr": "s:SS"
                      },
                      {
                        "kind": "TypeNominal",
                        "name": "String",
                        "printedName": "Swift.String",
                        "usr": "s:SS"
                      }
                    ],
                    "usr": "s:SD"
                  }
                ],
                "declKind": "Accessor",
                "usr": "s:10Networking10APIRequestPAAE10parametersSDyS2SGvg",
                "mangledName": "$s10Networking10APIRequestPAAE10parametersSDyS2SGvg",
                "moduleName": "Networking",
                "genericSig": "<τ_0_0 where τ_0_0 : Networking.APIRequest>",
                "sugared_genericSig": "<Self where Self : Networking.APIRequest>",
                "isFromExtension": true,
                "accessorKind": "get"
              }
            ]
          },
          {
            "kind": "Var",
            "name": "headers",
            "printedName": "headers",
            "children": [
              {
                "kind": "TypeNominal",
                "name": "Dictionary",
                "printedName": "[Swift.String : Swift.String]",
                "children": [
                  {
                    "kind": "TypeNominal",
                    "name": "String",
                    "printedName": "Swift.String",
                    "usr": "s:SS"
                  },
                  {
                    "kind": "TypeNominal",
                    "name": "String",
                    "printedName": "Swift.String",
                    "usr": "s:SS"
                  }
                ],
                "usr": "s:SD"
              }
            ],
            "declKind": "Var",
            "usr": "s:10Networking10APIRequestPAAE7headersSDyS2SGvp",
            "mangledName": "$s10Networking10APIRequestPAAE7headersSDyS2SGvp",
            "moduleName": "Networking",
            "isFromExtension": true,
            "accessors": [
              {
                "kind": "Accessor",
                "name": "Get",
                "printedName": "Get()",
                "children": [
                  {
                    "kind": "TypeNominal",
                    "name": "Dictionary",
                    "printedName": "[Swift.String : Swift.String]",
                    "children": [
                      {
                        "kind": "TypeNominal",
                        "name": "String",
                        "printedName": "Swift.String",
                        "usr": "s:SS"
                      },
                      {
                        "kind": "TypeNominal",
                        "name": "String",
                        "printedName": "Swift.String",
                        "usr": "s:SS"
                      }
                    ],
                    "usr": "s:SD"
                  }
                ],
                "declKind": "Accessor",
                "usr": "s:10Networking10APIRequestPAAE7headersSDyS2SGvg",
                "mangledName": "$s10Networking10APIRequestPAAE7headersSDyS2SGvg",
                "moduleName": "Networking",
                "genericSig": "<τ_0_0 where τ_0_0 : Networking.APIRequest>",
                "sugared_genericSig": "<Self where Self : Networking.APIRequest>",
                "isFromExtension": true,
                "accessorKind": "get"
              }
            ]
          },
          {
            "kind": "Var",
            "name": "body",
            "printedName": "body",
            "children": [
              {
                "kind": "TypeNominal",
                "name": "ProtocolComposition",
                "printedName": "Any"
              }
            ],
            "declKind": "Var",
            "usr": "s:10Networking10APIRequestPAAE4bodyypvp",
            "mangledName": "$s10Networking10APIRequestPAAE4bodyypvp",
            "moduleName": "Networking",
            "isFromExtension": true,
            "accessors": [
              {
                "kind": "Accessor",
                "name": "Get",
                "printedName": "Get()",
                "children": [
                  {
                    "kind": "TypeNominal",
                    "name": "ProtocolComposition",
                    "printedName": "Any"
                  }
                ],
                "declKind": "Accessor",
                "usr": "s:10Networking10APIRequestPAAE4bodyypvg",
                "mangledName": "$s10Networking10APIRequestPAAE4bodyypvg",
                "moduleName": "Networking",
                "genericSig": "<τ_0_0 where τ_0_0 : Networking.APIRequest>",
                "sugared_genericSig": "<Self where Self : Networking.APIRequest>",
                "isFromExtension": true,
                "accessorKind": "get"
              }
            ]
          },
          {
            "kind": "Function",
            "name": "getRequest",
            "printedName": "getRequest()",
            "children": [
              {
                "kind": "TypeNominal",
                "name": "URLRequest",
                "printedName": "Foundation.URLRequest",
                "usr": "s:10Foundation10URLRequestV"
              }
            ],
            "declKind": "Func",
            "usr": "s:10Networking10APIRequestPAAE10getRequest10Foundation10URLRequestVyF",
            "mangledName": "$s10Networking10APIRequestPAAE10getRequest10Foundation10URLRequestVyF",
            "moduleName": "Networking",
            "genericSig": "<τ_0_0 where τ_0_0 : Networking.APIRequest>",
            "sugared_genericSig": "<Self where Self : Networking.APIRequest>",
            "isFromExtension": true,
            "funcSelfKind": "NonMutating"
          },
          {
            "kind": "Function",
            "name": "makeRequest",
            "printedName": "makeRequest()",
            "children": [
              {
                "kind": "TypeNominal",
                "name": "AnyPublisher",
                "printedName": "Combine.AnyPublisher<τ_0_0.Response, Networking.APIErrorResponse>",
                "children": [
                  {
                    "kind": "TypeNominal",
                    "name": "DependentMember",
                    "printedName": "τ_0_0.Response"
                  },
                  {
                    "kind": "TypeNominal",
                    "name": "APIErrorResponse",
                    "printedName": "Networking.APIErrorResponse",
                    "usr": "s:10Networking16APIErrorResponseV"
                  }
                ],
                "usr": "s:7Combine12AnyPublisherV"
              }
            ],
            "declKind": "Func",
            "usr": "s:10Networking10APIRequestPAAE11makeRequest7Combine12AnyPublisherVy8ResponseQzAA08APIErrorH0VGyF",
            "mangledName": "$s10Networking10APIRequestPAAE11makeRequest7Combine12AnyPublisherVy8ResponseQzAA08APIErrorH0VGyF",
            "moduleName": "Networking",
            "genericSig": "<τ_0_0 where τ_0_0 : Networking.APIRequest>",
            "sugared_genericSig": "<Self where Self : Networking.APIRequest>",
            "isFromExtension": true,
            "funcSelfKind": "NonMutating"
          }
        ],
        "declKind": "Protocol",
        "usr": "s:10Networking10APIRequestP",
        "mangledName": "$s10Networking10APIRequestP",
        "moduleName": "Networking",
        "genericSig": "<τ_0_0.Response : Swift.Decodable, τ_0_0.Response : Swift.Encodable>",
        "sugared_genericSig": "<Self.Response : Swift.Decodable, Self.Response : Swift.Encodable>",
        "declAttributes": [
          "AccessControl"
        ]
      },
      {
        "kind": "Import",
        "name": "Combine",
        "printedName": "Combine",
        "declKind": "Import",
        "moduleName": "Networking",
        "declAttributes": [
          "RawDocComment"
        ]
      },
      {
        "kind": "Import",
        "name": "Foundation",
        "printedName": "Foundation",
        "declKind": "Import",
        "moduleName": "Networking"
      }
    ],
    "json_format_version": 8
  },
  "ConstValues": []
}