{
  "ABIRoot": {
    "kind": "Root",
    "name": "TopLevel",
    "printedName": "TopLevel",
    "children": [
      {
        "kind": "Import",
        "name": "BaseComponents",
        "printedName": "BaseComponents",
        "declKind": "Import",
        "moduleName": "SessionsPresentation",
        "declAttributes": [
          "RawDocComment"
        ]
      },
      {
        "kind": "Import",
        "name": "Combine",
        "printedName": "Combine",
        "declKind": "Import",
        "moduleName": "SessionsPresentation"
      },
      {
        "kind": "Import",
        "name": "DependencyInjection",
        "printedName": "DependencyInjection",
        "declKind": "Import",
        "moduleName": "SessionsPresentation"
      },
      {
        "kind": "Import",
        "name": "SessionsDomain",
        "printedName": "SessionsDomain",
        "declKind": "Import",
        "moduleName": "SessionsPresentation"
      },
      {
        "kind": "Import",
        "name": "SessionsComponents",
        "printedName": "SessionsComponents",
        "declKind": "Import",
        "moduleName": "SessionsPresentation"
      },
      {
        "kind": "Import",
        "name": "SwiftUI",
        "printedName": "SwiftUI",
        "declKind": "Import",
        "moduleName": "SessionsPresentation"
      },
      {
        "kind": "Import",
        "name": "BaseComponents",
        "printedName": "BaseComponents",
        "declKind": "Import",
        "moduleName": "SessionsPresentation",
        "declAttributes": [
          "RawDocComment"
        ]
      },
      {
        "kind": "Import",
        "name": "SessionsComponents",
        "printedName": "SessionsComponents",
        "declKind": "Import",
        "moduleName": "SessionsPresentation"
      },
      {
        "kind": "Import",
        "name": "SwiftUI",
        "printedName": "SwiftUI",
        "declKind": "Import",
        "moduleName": "SessionsPresentation"
      },
      {
        "kind": "Import",
        "name": "Foundation",
        "printedName": "Foundation",
        "declKind": "Import",
        "moduleName": "SessionsPresentation",
        "declAttributes": [
          "RawDocComment"
        ]
      },
      {
        "kind": "TypeDecl",
        "name": "ErrorModel",
        "printedName": "ErrorModel",
        "children": [
          {
            "kind": "Var",
            "name": "title",
            "printedName": "title",
            "children": [
              {
                "kind": "TypeNominal",
                "name": "String",
                "printedName": "Swift.String",
                "usr": "s:SS"
              }
            ],
            "declKind": "Var",
            "usr": "s:20SessionsPresentation10ErrorModelV5titleSSvp",
            "mangledName": "$s20SessionsPresentation10ErrorModelV5titleSSvp",
            "moduleName": "SessionsPresentation",
            "declAttributes": [
              "HasStorage",
              "AccessControl"
            ],
            "isLet": true,
            "hasStorage": true,
            "accessors": [
              {
                "kind": "Accessor",
                "name": "Get",
                "printedName": "Get()",
                "children": [
                  {
                    "kind": "TypeNominal",
                    "name": "String",
                    "printedName": "Swift.String",
                    "usr": "s:SS"
                  }
                ],
                "declKind": "Accessor",
                "usr": "s:20SessionsPresentation10ErrorModelV5titleSSvg",
                "mangledName": "$s20SessionsPresentation10ErrorModelV5titleSSvg",
                "moduleName": "SessionsPresentation",
                "implicit": true,
                "accessorKind": "get"
              }
            ]
          },
          {
            "kind": "Var",
            "name": "subtitle",
            "printedName": "subtitle",
            "children": [
              {
                "kind": "TypeNominal",
                "name": "String",
                "printedName": "Swift.String",
                "usr": "s:SS"
              }
            ],
            "declKind": "Var",
            "usr": "s:20SessionsPresentation10ErrorModelV8subtitleSSvp",
            "mangledName": "$s20SessionsPresentation10ErrorModelV8subtitleSSvp",
            "moduleName": "SessionsPresentation",
            "declAttributes": [
              "HasStorage",
              "AccessControl"
            ],
            "isLet": true,
            "hasStorage": true,
            "accessors": [
              {
                "kind": "Accessor",
                "name": "Get",
                "printedName": "Get()",
                "children": [
                  {
                    "kind": "TypeNominal",
                    "name": "String",
                    "printedName": "Swift.String",
                    "usr": "s:SS"
                  }
                ],
                "declKind": "Accessor",
                "usr": "s:20SessionsPresentation10ErrorModelV8subtitleSSvg",
                "mangledName": "$s20SessionsPresentation10ErrorModelV8subtitleSSvg",
                "moduleName": "SessionsPresentation",
                "implicit": true,
                "accessorKind": "get"
              }
            ]
          },
          {
            "kind": "Var",
            "name": "action",
            "printedName": "action",
            "children": [
              {
                "kind": "TypeNominal",
                "name": "String",
                "printedName": "Swift.String",
                "usr": "s:SS"
              }
            ],
            "declKind": "Var",
            "usr": "s:20SessionsPresentation10ErrorModelV6actionSSvp",
            "mangledName": "$s20SessionsPresentation10ErrorModelV6actionSSvp",
            "moduleName": "SessionsPresentation",
            "declAttributes": [
              "HasStorage",
              "AccessControl"
            ],
            "isLet": true,
            "hasStorage": true,
            "accessors": [
              {
                "kind": "Accessor",
                "name": "Get",
                "printedName": "Get()",
                "children": [
                  {
                    "kind": "TypeNominal",
                    "name": "String",
                    "printedName": "Swift.String",
                    "usr": "s:SS"
                  }
                ],
                "declKind": "Accessor",
                "usr": "s:20SessionsPresentation10ErrorModelV6actionSSvg",
                "mangledName": "$s20SessionsPresentation10ErrorModelV6actionSSvg",
                "moduleName": "SessionsPresentation",
                "implicit": true,
                "accessorKind": "get"
              }
            ]
          },
          {
            "kind": "Constructor",
            "name": "init",
            "printedName": "init(title:subtitle:action:)",
            "children": [
              {
                "kind": "TypeNominal",
                "name": "ErrorModel",
                "printedName": "SessionsPresentation.ErrorModel",
                "usr": "s:20SessionsPresentation10ErrorModelV"
              },
              {
                "kind": "TypeNominal",
                "name": "String",
                "printedName": "Swift.String",
                "usr": "s:SS"
              },
              {
                "kind": "TypeNominal",
                "name": "String",
                "printedName": "Swift.String",
                "usr": "s:SS"
              },
              {
                "kind": "TypeNominal",
                "name": "String",
                "printedName": "Swift.String",
                "usr": "s:SS"
              }
            ],
            "declKind": "Constructor",
            "usr": "s:20SessionsPresentation10ErrorModelV5title8subtitle6actionACSS_S2Stcfc",
            "mangledName": "$s20SessionsPresentation10ErrorModelV5title8subtitle6actionACSS_S2Stcfc",
            "moduleName": "SessionsPresentation",
            "declAttributes": [
              "AccessControl"
            ],
            "init_kind": "Designated"
          }
        ],
        "declKind": "Struct",
        "usr": "s:20SessionsPresentation10ErrorModelV",
        "mangledName": "$s20SessionsPresentation10ErrorModelV",
        "moduleName": "SessionsPresentation",
        "declAttributes": [
          "AccessControl"
        ]
      },
      {
        "kind": "Import",
        "name": "BaseComponents",
        "printedName": "BaseComponents",
        "declKind": "Import",
        "moduleName": "SessionsPresentation",
        "declAttributes": [
          "RawDocComment"
        ]
      },
      {
        "kind": "Import",
        "name": "SwiftUI",
        "printedName": "SwiftUI",
        "declKind": "Import",
        "moduleName": "SessionsPresentation"
      },
      {
        "kind": "Import",
        "name": "SessionsComponents",
        "printedName": "SessionsComponents",
        "declKind": "Import",
        "moduleName": "SessionsPresentation"
      },
      {
        "kind": "Import",
        "name": "Combine",
        "printedName": "Combine",
        "declKind": "Import",
        "moduleName": "SessionsPresentation",
        "declAttributes": [
          "RawDocComment"
        ]
      },
      {
        "kind": "Import",
        "name": "DependencyInjection",
        "printedName": "DependencyInjection",
        "declKind": "Import",
        "moduleName": "SessionsPresentation"
      },
      {
        "kind": "Import",
        "name": "Foundation",
        "printedName": "Foundation",
        "declKind": "Import",
        "moduleName": "SessionsPresentation"
      },
      {
        "kind": "Import",
        "name": "SessionsComponents",
        "printedName": "SessionsComponents",
        "declKind": "Import",
        "moduleName": "SessionsPresentation"
      },
      {
        "kind": "Import",
        "name": "SessionsDomain",
        "printedName": "SessionsDomain",
        "declKind": "Import",
        "moduleName": "SessionsPresentation"
      },
      {
        "kind": "Import",
        "name": "BaseComponents",
        "printedName": "BaseComponents",
        "declKind": "Import",
        "moduleName": "SessionsPresentation",
        "declAttributes": [
          "RawDocComment"
        ]
      },
      {
        "kind": "Import",
        "name": "SwiftUI",
        "printedName": "SwiftUI",
        "declKind": "Import",
        "moduleName": "SessionsPresentation"
      },
      {
        "kind": "Import",
        "name": "SessionsComponents",
        "printedName": "SessionsComponents",
        "declKind": "Import",
        "moduleName": "SessionsPresentation"
      },
      {
        "kind": "Import",
        "name": "Combine",
        "printedName": "Combine",
        "declKind": "Import",
        "moduleName": "SessionsPresentation",
        "declAttributes": [
          "RawDocComment"
        ]
      },
      {
        "kind": "Import",
        "name": "DependencyInjection",
        "printedName": "DependencyInjection",
        "declKind": "Import",
        "moduleName": "SessionsPresentation"
      },
      {
        "kind": "Import",
        "name": "Foundation",
        "printedName": "Foundation",
        "declKind": "Import",
        "moduleName": "SessionsPresentation"
      },
      {
        "kind": "Import",
        "name": "NaluPlayback",
        "printedName": "NaluPlayback",
        "declKind": "Import",
        "moduleName": "SessionsPresentation"
      },
      {
        "kind": "Import",
        "name": "SessionsComponents",
        "printedName": "SessionsComponents",
        "declKind": "Import",
        "moduleName": "SessionsPresentation"
      },
      {
        "kind": "Import",
        "name": "SessionsDomain",
        "printedName": "SessionsDomain",
        "declKind": "Import",
        "moduleName": "SessionsPresentation"
      },
      {
        "kind": "Import",
        "name": "SwiftUI",
        "printedName": "SwiftUI",
        "declKind": "Import",
        "moduleName": "SessionsPresentation"
      },
      {
        "kind": "Import",
        "name": "BaseComponents",
        "printedName": "BaseComponents",
        "declKind": "Import",
        "moduleName": "SessionsPresentation",
        "declAttributes": [
          "RawDocComment"
        ]
      },
      {
        "kind": "Import",
        "name": "SwiftUI",
        "printedName": "SwiftUI",
        "declKind": "Import",
        "moduleName": "SessionsPresentation"
      },
      {
        "kind": "Import",
        "name": "SessionsComponents",
        "printedName": "SessionsComponents",
        "declKind": "Import",
        "moduleName": "SessionsPresentation"
      },
      {
        "kind": "Import",
        "name": "StoreKit",
        "printedName": "StoreKit",
        "declKind": "Import",
        "moduleName": "SessionsPresentation"
      },
      {
        "kind": "Import",
        "name": "Combine",
        "printedName": "Combine",
        "declKind": "Import",
        "moduleName": "SessionsPresentation",
        "declAttributes": [
          "RawDocComment"
        ]
      },
      {
        "kind": "Import",
        "name": "DependencyInjection",
        "printedName": "DependencyInjection",
        "declKind": "Import",
        "moduleName": "SessionsPresentation"
      },
      {
        "kind": "Import",
        "name": "Foundation",
        "printedName": "Foundation",
        "declKind": "Import",
        "moduleName": "SessionsPresentation"
      },
      {
        "kind": "Import",
        "name": "RemoteActions",
        "printedName": "RemoteActions",
        "declKind": "Import",
        "moduleName": "SessionsPresentation"
      },
      {
        "kind": "Import",
        "name": "SessionsComponents",
        "printedName": "SessionsComponents",
        "declKind": "Import",
        "moduleName": "SessionsPresentation"
      },
      {
        "kind": "Import",
        "name": "SessionsDomain",
        "printedName": "SessionsDomain",
        "declKind": "Import",
        "moduleName": "SessionsPresentation"
      },
      {
        "kind": "Import",
        "name": "DependencyInjection",
        "printedName": "DependencyInjection",
        "declKind": "Import",
        "moduleName": "SessionsPresentation",
        "declAttributes": [
          "RawDocComment"
        ]
      },
      {
        "kind": "Import",
        "name": "Foundation",
        "printedName": "Foundation",
        "declKind": "Import",
        "moduleName": "SessionsPresentation"
      },
      {
        "kind": "Import",
        "name": "BaseComponents",
        "printedName": "BaseComponents",
        "declKind": "Import",
        "moduleName": "SessionsPresentation",
        "declAttributes": [
          "RawDocComment"
        ]
      },
      {
        "kind": "Import",
        "name": "SwiftUI",
        "printedName": "SwiftUI",
        "declKind": "Import",
        "moduleName": "SessionsPresentation"
      },
      {
        "kind": "Import",
        "name": "SessionsComponents",
        "printedName": "SessionsComponents",
        "declKind": "Import",
        "moduleName": "SessionsPresentation"
      },
      {
        "kind": "Import",
        "name": "Combine",
        "printedName": "Combine",
        "declKind": "Import",
        "moduleName": "SessionsPresentation",
        "declAttributes": [
          "RawDocComment"
        ]
      },
      {
        "kind": "Import",
        "name": "DependencyInjection",
        "printedName": "DependencyInjection",
        "declKind": "Import",
        "moduleName": "SessionsPresentation"
      },
      {
        "kind": "Import",
        "name": "Foundation",
        "printedName": "Foundation",
        "declKind": "Import",
        "moduleName": "SessionsPresentation"
      },
      {
        "kind": "Import",
        "name": "SessionsComponents",
        "printedName": "SessionsComponents",
        "declKind": "Import",
        "moduleName": "SessionsPresentation"
      },
      {
        "kind": "Import",
        "name": "SessionsDomain",
        "printedName": "SessionsDomain",
        "declKind": "Import",
        "moduleName": "SessionsPresentation"
      },
      {
        "kind": "Import",
        "name": "SessionsDomain",
        "printedName": "SessionsDomain",
        "declKind": "Import",
        "moduleName": "SessionsPresentation",
        "declAttributes": [
          "RawDocComment"
        ]
      },
      {
        "kind": "Import",
        "name": "SessionsComponents",
        "printedName": "SessionsComponents",
        "declKind": "Import",
        "moduleName": "SessionsPresentation"
      },
      {
        "kind": "Import",
        "name": "DependencyInjection",
        "printedName": "DependencyInjection",
        "declKind": "Import",
        "moduleName": "SessionsPresentation",
        "declAttributes": [
          "RawDocComment"
        ]
      },
      {
        "kind": "Import",
        "name": "SwiftUI",
        "printedName": "SwiftUI",
        "declKind": "Import",
        "moduleName": "SessionsPresentation"
      },
      {
        "kind": "TypeDecl",
        "name": "SessionsCoordinator",
        "printedName": "SessionsCoordinator",
        "children": [
          {
            "kind": "Constructor",
            "name": "init",
            "printedName": "init(_:)",
            "children": [
              {
                "kind": "TypeNominal",
                "name": "SessionsCoordinator",
                "printedName": "SessionsPresentation.SessionsCoordinator<τ_0_0>",
                "children": [
                  {
                    "kind": "TypeNominal",
                    "name": "GenericTypeParam",
                    "printedName": "τ_0_0"
                  }
                ],
                "usr": "s:20SessionsPresentation0A11CoordinatorC"
              },
              {
                "kind": "TypeNominal",
                "name": "Binding",
                "printedName": "SwiftUI.Binding<Swift.Bool>",
                "children": [
                  {
                    "kind": "TypeNominal",
                    "name": "Bool",
                    "printedName": "Swift.Bool",
                    "usr": "s:Sb"
                  }
                ],
                "usr": "s:7SwiftUI7BindingV"
              }
            ],
            "declKind": "Constructor",
            "usr": "s:20SessionsPresentation0A11CoordinatorCyACyxG7SwiftUI7BindingVySbGcfc",
            "mangledName": "$s20SessionsPresentation0A11CoordinatorCyACyxG7SwiftUI7BindingVySbGcfc",
            "moduleName": "SessionsPresentation",
            "genericSig": "<τ_0_0 where τ_0_0 : SwiftUI.View>",
            "sugared_genericSig": "<Content where Content : SwiftUI.View>",
            "declAttributes": [
              "AccessControl"
            ],
            "init_kind": "Designated"
          },
          {
            "kind": "Function",
            "name": "start",
            "printedName": "start(_:)",
            "children": [
              {
                "kind": "TypeNominal",
                "name": "OpaqueTypeArchetype",
                "printedName": "some SwiftUI.View",
                "children": [
                  {
                    "kind": "TypeNominal",
                    "name": "View",
                    "printedName": "SwiftUI.View",
                    "usr": "s:7SwiftUI4ViewP"
                  }
                ]
              },
              {
                "kind": "TypeFunc",
                "name": "Function",
                "printedName": "(SwiftUI.AnyView) -> τ_0_0",
                "children": [
                  {
                    "kind": "TypeNominal",
                    "name": "GenericTypeParam",
                    "printedName": "τ_0_0"
                  },
                  {
                    "kind": "TypeNominal",
                    "name": "AnyView",
                    "printedName": "SwiftUI.AnyView",
                    "usr": "s:7SwiftUI7AnyViewV"
                  }
                ]
              }
            ],
            "declKind": "Func",
            "usr": "s:20SessionsPresentation0A11CoordinatorC5startyQrx7SwiftUI7AnyViewVcF",
            "mangledName": "$s20SessionsPresentation0A11CoordinatorC5startyQrx7SwiftUI7AnyViewVcF",
            "moduleName": "SessionsPresentation",
            "genericSig": "<τ_0_0 where τ_0_0 : SwiftUI.View>",
            "sugared_genericSig": "<Content where Content : SwiftUI.View>",
            "declAttributes": [
              "Final",
              "AccessControl"
            ],
            "funcSelfKind": "NonMutating"
          }
        ],
        "declKind": "Class",
        "usr": "s:20SessionsPresentation0A11CoordinatorC",
        "mangledName": "$s20SessionsPresentation0A11CoordinatorC",
        "moduleName": "SessionsPresentation",
        "genericSig": "<τ_0_0 where τ_0_0 : SwiftUI.View>",
        "sugared_genericSig": "<Content where Content : SwiftUI.View>",
        "declAttributes": [
          "Final",
          "AccessControl"
        ]
      },
      {
        "kind": "Import",
        "name": "BaseComponents",
        "printedName": "BaseComponents",
        "declKind": "Import",
        "moduleName": "SessionsPresentation",
        "declAttributes": [
          "RawDocComment"
        ]
      },
      {
        "kind": "Import",
        "name": "SwiftUI",
        "printedName": "SwiftUI",
        "declKind": "Import",
        "moduleName": "SessionsPresentation"
      },
      {
        "kind": "Import",
        "name": "SessionsComponents",
        "printedName": "SessionsComponents",
        "declKind": "Import",
        "moduleName": "SessionsPresentation"
      },
      {
        "kind": "Import",
        "name": "Combine",
        "printedName": "Combine",
        "declKind": "Import",
        "moduleName": "SessionsPresentation",
        "declAttributes": [
          "RawDocComment"
        ]
      },
      {
        "kind": "Import",
        "name": "DependencyInjection",
        "printedName": "DependencyInjection",
        "declKind": "Import",
        "moduleName": "SessionsPresentation"
      },
      {
        "kind": "Import",
        "name": "Foundation",
        "printedName": "Foundation",
        "declKind": "Import",
        "moduleName": "SessionsPresentation"
      },
      {
        "kind": "Import",
        "name": "NaluPlayback",
        "printedName": "NaluPlayback",
        "declKind": "Import",
        "moduleName": "SessionsPresentation"
      },
      {
        "kind": "Import",
        "name": "RemoteActions",
        "printedName": "RemoteActions",
        "declKind": "Import",
        "moduleName": "SessionsPresentation"
      },
      {
        "kind": "Import",
        "name": "SessionsComponents",
        "printedName": "SessionsComponents",
        "declKind": "Import",
        "moduleName": "SessionsPresentation"
      },
      {
        "kind": "Import",
        "name": "SessionsDomain",
        "printedName": "SessionsDomain",
        "declKind": "Import",
        "moduleName": "SessionsPresentation"
      },
      {
        "kind": "Import",
        "name": "SwiftUI",
        "printedName": "SwiftUI",
        "declKind": "Import",
        "moduleName": "SessionsPresentation"
      },
      {
        "kind": "Import",
        "name": "BaseComponents",
        "printedName": "BaseComponents",
        "declKind": "Import",
        "moduleName": "SessionsPresentation",
        "declAttributes": [
          "RawDocComment"
        ]
      },
      {
        "kind": "Import",
        "name": "SessionsDomain",
        "printedName": "SessionsDomain",
        "declKind": "Import",
        "moduleName": "SessionsPresentation",
        "declAttributes": [
          "RawDocComment"
        ]
      },
      {
        "kind": "Import",
        "name": "SwiftUI",
        "printedName": "SwiftUI",
        "declKind": "Import",
        "moduleName": "SessionsPresentation"
      },
      {
        "kind": "Import",
        "name": "SessionsDomain",
        "printedName": "SessionsDomain",
        "declKind": "Import",
        "moduleName": "SessionsPresentation",
        "declAttributes": [
          "RawDocComment"
        ]
      },
      {
        "kind": "Import",
        "name": "BaseComponents",
        "printedName": "BaseComponents",
        "declKind": "Import",
        "moduleName": "SessionsPresentation",
        "declAttributes": [
          "RawDocComment"
        ]
      },
      {
        "kind": "Import",
        "name": "SwiftUI",
        "printedName": "SwiftUI",
        "declKind": "Import",
        "moduleName": "SessionsPresentation"
      },
      {
        "kind": "Import",
        "name": "SessionsComponents",
        "printedName": "SessionsComponents",
        "declKind": "Import",
        "moduleName": "SessionsPresentation"
      },
      {
        "kind": "Import",
        "name": "Combine",
        "printedName": "Combine",
        "declKind": "Import",
        "moduleName": "SessionsPresentation",
        "declAttributes": [
          "RawDocComment"
        ]
      },
      {
        "kind": "Import",
        "name": "DependencyInjection",
        "printedName": "DependencyInjection",
        "declKind": "Import",
        "moduleName": "SessionsPresentation"
      },
      {
        "kind": "Import",
        "name": "Foundation",
        "printedName": "Foundation",
        "declKind": "Import",
        "moduleName": "SessionsPresentation"
      },
      {
        "kind": "Import",
        "name": "SessionsComponents",
        "printedName": "SessionsComponents",
        "declKind": "Import",
        "moduleName": "SessionsPresentation"
      },
      {
        "kind": "Import",
        "name": "SessionsDomain",
        "printedName": "SessionsDomain",
        "declKind": "Import",
        "moduleName": "SessionsPresentation"
      },
      {
        "kind": "Import",
        "name": "SessionsComponents",
        "printedName": "SessionsComponents",
        "declKind": "Import",
        "moduleName": "SessionsPresentation",
        "declAttributes": [
          "RawDocComment"
        ]
      },
      {
        "kind": "Import",
        "name": "SessionsDomain",
        "printedName": "SessionsDomain",
        "declKind": "Import",
        "moduleName": "SessionsPresentation"
      },
      {
        "kind": "Import",
        "name": "BaseComponents",
        "printedName": "BaseComponents",
        "declKind": "Import",
        "moduleName": "SessionsPresentation",
        "declAttributes": [
          "RawDocComment"
        ]
      },
      {
        "kind": "Import",
        "name": "SessionsDomain",
        "printedName": "SessionsDomain",
        "declKind": "Import",
        "moduleName": "SessionsPresentation"
      },
      {
        "kind": "Import",
        "name": "StoreKit",
        "printedName": "StoreKit",
        "declKind": "Import",
        "moduleName": "SessionsPresentation",
        "declAttributes": [
          "RawDocComment"
        ]
      }
    ],
    "json_format_version": 8
  },
  "ConstValues": [
    {
      "filePath": "\/Users\/albertogarcia-munoz\/Documents\/Repositories\/Nalu\/Sessions\/Presentation\/Sources\/FixScanning\/FixScanningView.swift",
      "kind": "IntegerLiteral",
      "offset": 267,
      "length": 1,
      "value": "0"
    },
    {
      "filePath": "\/Users\/albertogarcia-munoz\/Documents\/Repositories\/Nalu\/Sessions\/Presentation\/Sources\/FixScanning\/FixScanningView.swift",
      "kind": "IntegerLiteral",
      "offset": 371,
      "length": 1,
      "value": "1"
    },
    {
      "filePath": "\/Users\/albertogarcia-munoz\/Documents\/Repositories\/Nalu\/Sessions\/Presentation\/Sources\/FixScanning\/FixScanningViewModel.swift",
      "kind": "StringLiteral",
      "offset": 526,
      "length": 2,
      "value": "\"\""
    },
    {
      "filePath": "\/Users\/albertogarcia-munoz\/Documents\/Repositories\/Nalu\/Sessions\/Presentation\/Sources\/FixScanning\/FixScanningViewModel.swift",
      "kind": "StringLiteral",
      "offset": 567,
      "length": 2,
      "value": "\"\""
    },
    {
      "filePath": "\/Users\/albertogarcia-munoz\/Documents\/Repositories\/Nalu\/Sessions\/Presentation\/Sources\/FixScanning\/FixScanningViewModel.swift",
      "kind": "BooleanLiteral",
      "offset": 642,
      "length": 5,
      "value": "false"
    },
    {
      "filePath": "\/Users\/albertogarcia-munoz\/Documents\/Repositories\/Nalu\/Sessions\/Presentation\/Sources\/FixScanning\/FixScanningViewModel.swift",
      "kind": "StringLiteral",
      "offset": 789,
      "length": 39,
      "value": "\"scanning_overlay_\""
    },
    {
      "filePath": "\/Users\/albertogarcia-munoz\/Documents\/Repositories\/Nalu\/Sessions\/Presentation\/Sources\/FixScanning\/FixScanningViewModel.swift",
      "kind": "StringLiteral",
      "offset": 821,
      "length": 6,
      "value": "\"_title\""
    },
    {
      "filePath": "\/Users\/albertogarcia-munoz\/Documents\/Repositories\/Nalu\/Sessions\/Presentation\/Sources\/FixScanning\/FixScanningViewModel.swift",
      "kind": "StringLiteral",
      "offset": 834,
      "length": 33,
      "value": "\"scanning_overlay_scanning_title\""
    },
    {
      "filePath": "\/Users\/albertogarcia-munoz\/Documents\/Repositories\/Nalu\/Sessions\/Presentation\/Sources\/FixScanning\/FixScanningViewModel.swift",
      "kind": "StringLiteral",
      "offset": 904,
      "length": 42,
      "value": "\"scanning_overlay_\""
    },
    {
      "filePath": "\/Users\/albertogarcia-munoz\/Documents\/Repositories\/Nalu\/Sessions\/Presentation\/Sources\/FixScanning\/FixScanningViewModel.swift",
      "kind": "StringLiteral",
      "offset": 936,
      "length": 9,
      "value": "\"_subtitle\""
    },
    {
      "filePath": "\/Users\/albertogarcia-munoz\/Documents\/Repositories\/Nalu\/Sessions\/Presentation\/Sources\/FixScanning\/FixScanningViewModel.swift",
      "kind": "StringLiteral",
      "offset": 952,
      "length": 36,
      "value": "\"scanning_overlay_scanning_subtitle\""
    },
    {
      "filePath": "\/Users\/albertogarcia-munoz\/Documents\/Repositories\/Nalu\/Sessions\/Presentation\/Sources\/FixScanning\/FixScanningViewModel.swift",
      "kind": "StringLiteral",
      "offset": 1023,
      "length": 40,
      "value": "\"scanning_overlay_\""
    },
    {
      "filePath": "\/Users\/albertogarcia-munoz\/Documents\/Repositories\/Nalu\/Sessions\/Presentation\/Sources\/FixScanning\/FixScanningViewModel.swift",
      "kind": "StringLiteral",
      "offset": 1055,
      "length": 7,
      "value": "\"_action\""
    },
    {
      "filePath": "\/Users\/albertogarcia-munoz\/Documents\/Repositories\/Nalu\/Sessions\/Presentation\/Sources\/InsertSongs\/InsertSongsView.swift",
      "kind": "BooleanLiteral",
      "offset": 349,
      "length": 4,
      "value": "true"
    },
    {
      "filePath": "\/Users\/albertogarcia-munoz\/Documents\/Repositories\/Nalu\/Sessions\/Presentation\/Sources\/InsertSongs\/InsertSongsView.swift",
      "kind": "IntegerLiteral",
      "offset": 403,
      "length": 2,
      "value": "12"
    },
    {
      "filePath": "\/Users\/albertogarcia-munoz\/Documents\/Repositories\/Nalu\/Sessions\/Presentation\/Sources\/InsertSongs\/InsertSongsView.swift",
      "kind": "IntegerLiteral",
      "offset": 416,
      "length": 2,
      "value": "22"
    },
    {
      "filePath": "\/Users\/albertogarcia-munoz\/Documents\/Repositories\/Nalu\/Sessions\/Presentation\/Sources\/InsertSongs\/InsertSongsView.swift",
      "kind": "IntegerLiteral",
      "offset": 428,
      "length": 1,
      "value": "0"
    },
    {
      "filePath": "\/Users\/albertogarcia-munoz\/Documents\/Repositories\/Nalu\/Sessions\/Presentation\/Sources\/InsertSongs\/InsertSongsView.swift",
      "kind": "IntegerLiteral",
      "offset": 441,
      "length": 2,
      "value": "22"
    },
    {
      "filePath": "\/Users\/albertogarcia-munoz\/Documents\/Repositories\/Nalu\/Sessions\/Presentation\/Sources\/InsertSongs\/InsertSongsViewModel.swift",
      "kind": "IntegerLiteral",
      "offset": 485,
      "length": 1,
      "value": "0"
    },
    {
      "filePath": "\/Users\/albertogarcia-munoz\/Documents\/Repositories\/Nalu\/Sessions\/Presentation\/Sources\/InsertSongs\/InsertSongsViewModel.swift",
      "kind": "Array",
      "offset": 536,
      "length": 2,
      "value": "[]"
    },
    {
      "filePath": "\/Users\/albertogarcia-munoz\/Documents\/Repositories\/Nalu\/Sessions\/Presentation\/Sources\/InsertSongs\/InsertSongsViewModel.swift",
      "kind": "StringLiteral",
      "offset": 579,
      "length": 2,
      "value": "\"\""
    },
    {
      "filePath": "\/Users\/albertogarcia-munoz\/Documents\/Repositories\/Nalu\/Sessions\/Presentation\/Sources\/InsertSongs\/InsertSongsViewModel.swift",
      "kind": "BooleanLiteral",
      "offset": 619,
      "length": 5,
      "value": "false"
    },
    {
      "filePath": "\/Users\/albertogarcia-munoz\/Documents\/Repositories\/Nalu\/Sessions\/Presentation\/Sources\/InsertSongs\/InsertSongsViewModel.swift",
      "kind": "Array",
      "offset": 1284,
      "length": 2,
      "value": "[]"
    },
    {
      "filePath": "\/Users\/albertogarcia-munoz\/Documents\/Repositories\/Nalu\/Sessions\/Presentation\/Sources\/Landing\/LandingViewModel.swift",
      "kind": "BooleanLiteral",
      "offset": 666,
      "length": 5,
      "value": "false"
    },
    {
      "filePath": "\/Users\/albertogarcia-munoz\/Documents\/Repositories\/Nalu\/Sessions\/Presentation\/Sources\/Landing\/LandingViewModel.swift",
      "kind": "Array",
      "offset": 1277,
      "length": 2,
      "value": "[]"
    },
    {
      "filePath": "\/Users\/albertogarcia-munoz\/Documents\/Repositories\/Nalu\/Sessions\/Presentation\/Sources\/Landing\/LandingViewModel.swift",
      "kind": "Array",
      "offset": 1341,
      "length": 2,
      "value": "[]"
    },
    {
      "filePath": "\/Users\/albertogarcia-munoz\/Documents\/Repositories\/Nalu\/Sessions\/Presentation\/Sources\/ServiceSelector\/ServiceSelectorViewModel.swift",
      "kind": "Array",
      "offset": 453,
      "length": 2,
      "value": "[]"
    },
    {
      "filePath": "\/Users\/albertogarcia-munoz\/Documents\/Repositories\/Nalu\/Sessions\/Presentation\/Sources\/SessionDetail\/SessionDetailView.swift",
      "kind": "BooleanLiteral",
      "offset": 353,
      "length": 4,
      "value": "true"
    },
    {
      "filePath": "\/Users\/albertogarcia-munoz\/Documents\/Repositories\/Nalu\/Sessions\/Presentation\/Sources\/SessionDetail\/SessionDetailView.swift",
      "kind": "IntegerLiteral",
      "offset": 407,
      "length": 1,
      "value": "8"
    },
    {
      "filePath": "\/Users\/albertogarcia-munoz\/Documents\/Repositories\/Nalu\/Sessions\/Presentation\/Sources\/SessionDetail\/SessionDetailView.swift",
      "kind": "IntegerLiteral",
      "offset": 419,
      "length": 2,
      "value": "22"
    },
    {
      "filePath": "\/Users\/albertogarcia-munoz\/Documents\/Repositories\/Nalu\/Sessions\/Presentation\/Sources\/SessionDetail\/SessionDetailView.swift",
      "kind": "IntegerLiteral",
      "offset": 431,
      "length": 1,
      "value": "0"
    },
    {
      "filePath": "\/Users\/albertogarcia-munoz\/Documents\/Repositories\/Nalu\/Sessions\/Presentation\/Sources\/SessionDetail\/SessionDetailView.swift",
      "kind": "IntegerLiteral",
      "offset": 444,
      "length": 2,
      "value": "22"
    },
    {
      "filePath": "\/Users\/albertogarcia-munoz\/Documents\/Repositories\/Nalu\/Sessions\/Presentation\/Sources\/SessionDetail\/SessionDetailViewModel.swift",
      "kind": "StringLiteral",
      "offset": 487,
      "length": 2,
      "value": "\"\""
    },
    {
      "filePath": "\/Users\/albertogarcia-munoz\/Documents\/Repositories\/Nalu\/Sessions\/Presentation\/Sources\/SessionDetail\/SessionDetailViewModel.swift",
      "kind": "Array",
      "offset": 617,
      "length": 2,
      "value": "[]"
    },
    {
      "filePath": "\/Users\/albertogarcia-munoz\/Documents\/Repositories\/Nalu\/Sessions\/Presentation\/Sources\/ShareOverlay\/ShareOverlayView.swift",
      "kind": "IntegerLiteral",
      "offset": 309,
      "length": 1,
      "value": "0"
    },
    {
      "filePath": "\/Users\/albertogarcia-munoz\/Documents\/Repositories\/Nalu\/Sessions\/Presentation\/Sources\/ShareOverlay\/ShareOverlayViewModel.swift",
      "kind": "BooleanLiteral",
      "offset": 465,
      "length": 5,
      "value": "false"
    }
  ]
}